img,coefficient
0.jpeg,0.0
1.jpeg,0.9931
10.jpeg,0.9995
100.jpeg,0.9999
1000.jpeg,0.9997
1001.jpeg,0.9999
1002.jpeg,0.9974
1003.jpeg,0.9996
1004.jpeg,0.9986
1005.jpeg,0.9980
1006.jpeg,0.9831
1007.jpeg,0.9901
1008.jpeg,0.9990
1009.jpeg,0.9999
101.jpeg,0.9895
1011.jpeg,0.9999
1012.jpeg,0.9987
1013.jpeg,0.9985
1014.jpeg,0.9997
1015.jpeg,0.9996
1016.jpeg,0.9999
1017.jpeg,0.9986
1018.jpeg,0.9994
1019.jpeg,0.9997
102.jpeg,0.9763
1020.jpeg,0.9998
1021.jpeg,0.9996
1022.jpeg,0.9960
1023.jpeg,0.9996
1024.jpeg,0.9997
1025.jpeg,0.9937
1026.jpeg,0.9997
1027.jpeg,0.9997
1028.jpeg,0.9954
1029.jpeg,0.9997
103.jpeg,0.9997
1030.jpeg,0.9961
1031.jpeg,0.9992
1032.jpeg,0.9988
1033.jpeg,0.9998
1034.jpeg,0.9995
1035.jpeg,0.9995
1036.jpeg,0.9963
1037.jpeg,0.9994
1038.jpeg,0.9977
1039.jpeg,0.9995
104.jpeg,0.9999
1040.jpeg,0.9946
1041.jpeg,0.0
1042.jpeg,0.9838
1043.jpeg,0.9997
1044.jpeg,0.9990
1046.jpeg,0.9991
1047.jpeg,0.9941
1048.jpeg,0.9966
1049.jpeg,0.9997
105.jpeg,0.9996
1050.jpeg,0.9919
1051.jpeg,0.9992
1052.jpeg,0.9996
1053.jpeg,0.9971
1054.jpeg,0.8202
1055.jpeg,0.9997
1056.jpeg,0.9984
1057.jpeg,0.0
1058.jpeg,0.9999
1059.jpeg,0.9999
106.jpeg,0.9905
1060.jpeg,0.9933
1061.jpeg,0.9986
1062.jpeg,0.9748
1063.jpeg,0.0
1064.jpeg,0.9921
1065.jpeg,0.9997
1066.jpeg,0.0
1067.jpeg,0.9984
1068.jpeg,0.9994
1069.jpeg,0.9969
107.jpeg,0.9982
1070.jpeg,0.9986
1071.jpeg,0.9983
1072.jpeg,0.9901
1073.jpeg,0.9991
1074.jpeg,0.0
1075.jpeg,0.0
1076.jpeg,0.9989
1077.jpeg,0.9999
1078.jpeg,0.9998
1079.jpeg,0.9994
108.jpeg,0.9998
1081.jpeg,0.9994
1082.jpeg,0.0
1083.jpeg,0.9987
1085.jpeg,0.9991
1086.jpeg,0.9998
1088.jpeg,0.9998
1089.jpeg,0.0
109.jpeg,0.9999
1090.jpeg,0.9999
1091.jpeg,0.9913
1092.jpeg,0.9990
1093.jpeg,0.9959
1094.jpeg,0.9998
1095.jpeg,0.9999
1096.jpeg,0.9996
1097.jpeg,0.0
1098.jpeg,0.9893
110.jpeg,0.9997
1100.jpeg,0.9990
1101.jpeg,0.9997
1102.jpeg,0.9997
1103.jpeg,0.9922
1104.jpeg,0.9998
1105.jpeg,0.9997
1106.jpeg,0.9798
1107.jpeg,0.9985
1108.jpeg,0.9998
1109.jpeg,0.0
111.jpeg,0.9994
1110.jpeg,0.0
1112.jpeg,0.0
1113.jpeg,0.9978
1114.jpeg,0.9977
1115.jpeg,0.9998
1116.jpeg,0.9987
1117.jpeg,0.9979
1118.jpeg,0.9999
1119.jpeg,0.9999
112.jpeg,0.9981
1120.jpeg,0.9989
1121.jpeg,0.0
1122.jpeg,0.0
1123.jpeg,0.9978
1124.jpeg,0.9985
1125.jpeg,0.9990
1126.jpeg,0.9986
1127.jpeg,0.0
1128.jpeg,0.9952
1129.jpeg,0.0
113.jpeg,0.9992
1130.jpeg,0.9999
1131.jpeg,0.0
1132.jpeg,0.9992
1133.jpeg,0.9950
1135.jpeg,0.9987
1136.jpeg,0.9998
1138.jpeg,0.9998
1139.jpeg,0.9986
114.jpeg,0.9995
1140.jpeg,0.9979
1141.jpeg,0.9961
1142.jpeg,0.0
1143.jpeg,0.9999
1144.jpeg,0.9997
1145.jpeg,0.9994
1147.jpeg,0.9997
1148.jpeg,0.9995
1149.jpeg,0.9993
115.jpeg,0.9971
1151.jpeg,0.9997
1152.jpeg,0.9994
1153.jpeg,0.9953
1154.jpeg,0.0
1155.jpeg,0.9996
1156.jpeg,0.9998
1158.jpeg,0.9994
116.jpeg,0.9998
1160.jpeg,0.9759
1161.jpeg,0.0
1162.jpeg,0.9960
1163.jpeg,0.0
1164.jpeg,0.9998
1165.jpeg,0.0
1166.jpeg,0.0
1167.jpeg,0.9999
1168.jpeg,0.9978
117.jpeg,0.9989
1170.jpeg,0.9985
1171.jpeg,0.9984
1172.jpeg,0.9998
1173.jpeg,0.9996
1174.jpeg,0.9994
1175.jpeg,0.9987
1176.jpeg,0.0
1177.jpeg,0.9990
1178.jpeg,0.9992
1179.jpeg,0.9998
118.jpeg,0.9993
1181.jpeg,0.9999
1182.jpeg,0.9975
1184.jpeg,0.0
1185.jpeg,0.9992
1186.jpeg,0.9999
1187.jpeg,0.9927
1188.jpeg,0.0
1189.jpeg,0.9948
1190.jpeg,0.9991
1191.jpeg,0.9999
1192.jpeg,0.9996
1193.jpeg,0.0
1194.jpeg,0.9989
1195.jpeg,0.9968
1196.jpeg,0.9938
1197.jpeg,0.9998
1198.jpeg,0.9996
1199.jpeg,0.0
12.jpeg,0.9856
120.jpeg,0.9998
1201.jpeg,0.9966
1202.jpeg,0.0
1204.jpeg,0.0
1205.jpeg,0.0
1206.jpeg,0.9996
1207.jpeg,0.9998
1208.jpeg,0.9995
1209.jpeg,0.9996
121.jpeg,0.9998
1210.jpeg,0.9980
1211.jpeg,0.0
1212.jpeg,0.9966
1213.jpeg,0.9984
1214.jpeg,0.9983
1215.jpeg,0.9907
1216.jpeg,1.0000
1217.jpeg,0.9995
1218.jpeg,0.9997
1219.jpeg,0.0
122.jpeg,-1
1220.jpeg,0.9971
1221.jpeg,0.9998
1222.jpeg,0.9988
1223.jpeg,0.9998
1224.jpeg,0.9894
1225.jpeg,0.9993
1226.jpeg,0.9955
1227.jpeg,0.9996
1228.jpeg,0.9981
1229.jpeg,0.9997
123.jpeg,0.9998
1231.jpeg,0.9970
1233.jpeg,0.0
1234.jpeg,0.9979
1235.jpeg,0.9989
1236.jpeg,0.9998
1237.jpeg,0.9997
1238.jpeg,0.0
1239.jpeg,0.0
124.jpeg,0.9970
1240.jpeg,0.9998
1241.jpeg,0.9963
1242.jpeg,0.9996
1243.jpeg,0.9989
1245.jpeg,0.9997
1247.jpeg,0.9996
1249.jpeg,0.9998
125.jpeg,0.9990
1250.jpeg,0.0
1251.jpeg,0.9986
1252.jpeg,0.9988
1253.jpeg,0.9971
1254.jpeg,0.9903
1255.jpeg,0.9960
1256.jpeg,0.9995
1257.jpeg,0.9997
1258.jpeg,0.9998
1259.jpeg,0.9989
126.jpeg,0.9805
1260.jpeg,0.9995
1261.jpeg,0.9995
1262.jpeg,0.0
1264.jpeg,0.9997
1265.jpeg,0.9922
1267.jpeg,0.9994
1268.jpeg,0.9993
1269.jpeg,0.9975
127.jpeg,0.9964
1270.jpeg,0.9942
1271.jpeg,0.9995
1272.jpeg,0.9983
1273.jpeg,0.9999
1274.jpeg,0.9997
1275.jpeg,0.9998
1276.jpeg,0.0
1277.jpeg,0.9998
1278.jpeg,0.6715
1279.jpeg,0.0
128.jpeg,0.9997
1280.jpeg,0.9998
1281.jpeg,0.9997
1282.jpeg,0.9996
1283.jpeg,0.9973
1284.jpeg,0.9993
1285.jpeg,0.9997
1286.jpeg,0.9980
1287.jpeg,0.9999
1289.jpeg,0.9996
129.jpeg,0.0
1290.jpeg,0.9999
1291.jpeg,0.9978
1292.jpeg,0.9989
1293.jpeg,0.9990
1294.jpeg,0.9986
1295.jpeg,0.9591
1296.jpeg,0.0
1297.jpeg,0.9926
1298.jpeg,0.9997
1299.jpeg,0.9992
13.jpeg,0.9999
130.jpeg,0.9998
1300.jpeg,0.9989
1301.jpeg,0.9976
1302.jpeg,0.9997
1303.jpeg,0.0
1304.jpeg,0.8799
1305.jpeg,0.9996
1306.jpeg,0.9994
1307.jpeg,0.9936
1308.jpeg,0.9999
1309.jpeg,0.9986
131.jpeg,0.9996
1310.jpeg,0.9971
1311.jpeg,0.9997
1312.jpeg,0.9998
1313.jpeg,0.9873
1314.jpeg,0.9997
1315.jpeg,0.9999
1317.jpeg,0.9999
1319.jpeg,0.9967
132.jpeg,0.9990
1320.jpeg,0.0
1321.jpeg,0.9986
1322.jpeg,0.9994
1323.jpeg,0.9887
1324.jpeg,0.9955
1326.jpeg,0.9981
1327.jpeg,0.9987
1328.jpeg,0.9991
1329.jpeg,0.9983
133.jpeg,0.9960
1331.jpeg,0.0
1332.jpeg,0.9992
1333.jpeg,0.9996
1334.jpeg,0.9995
1335.jpeg,0.9702
1336.jpeg,0.9670
1337.jpeg,0.0
1339.jpeg,0.9999
134.jpeg,0.0
1340.jpeg,0.9998
1341.jpeg,0.9810
1342.jpeg,0.9969
1343.jpeg,0.9857
1344.jpeg,0.9993
1345.jpeg,0.9983
1346.jpeg,0.9982
1347.jpeg,0.9873
1348.jpeg,0.9997
1349.jpeg,0.9997
135.jpeg,0.9999
1351.jpeg,0.9993
1352.jpeg,0.0
1353.jpeg,0.9991
1355.jpeg,0.9999
1356.jpeg,0.9996
1357.jpeg,0.0
1358.jpeg,0.9937
1359.jpeg,0.9998
136.jpeg,0.9993
1360.jpeg,0.0
1361.jpeg,0.9999
1363.jpeg,0.9991
1364.jpeg,0.9985
1365.jpeg,0.0
1366.jpeg,0.9995
1367.jpeg,0.0
1368.jpeg,0.9942
1369.jpeg,0.9994
1372.jpeg,0.0
1373.jpeg,0.9992
1374.jpeg,0.9995
1375.jpeg,0.9995
1377.jpeg,0.9945
1378.jpeg,0.0
1379.jpeg,0.9998
1380.jpeg,0.9997
1381.jpeg,0.9940
1382.jpeg,0.9995
1383.jpeg,0.9967
1384.jpeg,0.9980
1386.jpeg,0.9998
1387.jpeg,0.0
1388.jpeg,0.9943
1389.jpeg,0.9995
139.jpeg,0.9997
1390.jpeg,0.9974
1391.jpeg,0.9999
1392.jpeg,0.9991
1393.jpeg,0.9997
1394.jpeg,0.9946
1395.jpeg,0.9987
1396.jpeg,0.9998
1397.jpeg,0.9970
1398.jpeg,0.9997
1399.jpeg,0.6294
14.jpeg,0.9989
140.jpeg,0.9997
1400.jpeg,0.9991
1401.jpeg,0.0
1402.jpeg,0.9999
1404.jpeg,0.0
1405.jpeg,0.9990
1406.jpeg,0.9337
1407.jpeg,0.9996
1408.jpeg,0.9999
1409.jpeg,0.9997
141.jpeg,0.9828
1410.jpeg,0.9997
1411.jpeg,0.9986
1412.jpeg,0.9985
1413.jpeg,0.9991
1414.jpeg,0.9988
1416.jpeg,0.9999
1417.jpeg,0.9932
1418.jpeg,0.9910
1419.jpeg,0.9997
142.jpeg,0.9997
1420.jpeg,0.9993
1421.jpeg,0.0
1422.jpeg,0.9990
1423.jpeg,0.9995
1424.jpeg,0.0
1425.jpeg,0.9996
1426.jpeg,0.5798
1427.jpeg,0.9990
1428.jpeg,0.9983
143.jpeg,1.0000
1430.jpeg,0.9999
1431.jpeg,0.9999
1432.jpeg,0.9997
1433.jpeg,0.9732
1434.jpeg,0.8655
1436.jpeg,0.9973
1437.jpeg,0.9998
1438.jpeg,0.9992
1439.jpeg,0.0
144.jpeg,0.9998
1440.jpeg,0.9999
1441.jpeg,0.9990
1442.jpeg,0.9998
1443.jpeg,0.9993
1444.jpeg,0.9999
1445.jpeg,0.9103
1446.jpeg,0.9998
1447.jpeg,0.9762
1448.jpeg,0.9970
1449.jpeg,0.9993
145.jpeg,0.9998
1450.jpeg,0.9970
1451.jpeg,0.9731
1452.jpeg,0.9925
1453.jpeg,0.0
1454.jpeg,0.9681
1456.jpeg,0.0
1458.jpeg,0.0
1459.jpeg,0.9993
146.jpeg,0.9998
1460.jpeg,0.9998
1461.jpeg,0.9979
1462.jpeg,0.9994
1463.jpeg,0.9987
1464.jpeg,0.9454
1465.jpeg,0.9997
1466.jpeg,0.9999
1467.jpeg,0.9996
1468.jpeg,0.0
1469.jpeg,0.0
147.jpeg,0.0
1470.jpeg,0.9994
1471.jpeg,0.9999
1472.jpeg,0.9993
1474.jpeg,0.9999
1475.jpeg,0.9999
1476.jpeg,0.9996
1477.jpeg,0.9987
1478.jpeg,0.9998
1479.jpeg,0.0
148.jpeg,0.9989
1480.jpeg,0.9978
1481.jpeg,0.9985
1483.jpeg,0.9990
1484.jpeg,0.9929
1485.jpeg,0.9982
1486.jpeg,0.9997
1487.jpeg,0.9996
1488.jpeg,0.9998
1489.jpeg,0.9998
1490.jpeg,0.9996
1492.jpeg,0.9998
1493.jpeg,0.9949
1494.jpeg,0.9982
1495.jpeg,0.9989
1496.jpeg,0.9986
1497.jpeg,0.9963
1498.jpeg,0.9995
1499.jpeg,0.9996
15.jpeg,0.9993
1500.jpeg,0.9997
1501.jpeg,0.9986
1502.jpeg,0.9968
1503.jpeg,0.9983
1504.jpeg,0.9998
1505.jpeg,0.0
1506.jpeg,0.0
1507.jpeg,0.9998
1508.jpeg,0.9992
1509.jpeg,0.9978
151.jpeg,0.9993
1510.jpeg,0.9980
1511.jpeg,0.9997
1512.jpeg,0.9996
1513.jpeg,0.9987
1514.jpeg,0.9861
1515.jpeg,0.9994
1516.jpeg,0.9984
1519.jpeg,0.0
152.jpeg,0.0
1520.jpeg,0.0
1523.jpeg,0.9993
1524.jpeg,0.9994
1525.jpeg,0.9955
1526.jpeg,0.9999
1527.jpeg,0.9999
1529.jpeg,0.0
153.jpeg,0.9996
1530.jpeg,0.9994
1531.jpeg,0.9998
1532.jpeg,0.9997
1533.jpeg,0.9990
1534.jpeg,0.9999
1535.jpeg,0.9992
1536.jpeg,0.0
1537.jpeg,0.9998
1538.jpeg,0.9980
1539.jpeg,0.9995
154.jpeg,0.9997
1540.jpeg,0.9981
1541.jpeg,0.9942
1542.jpeg,0.9996
1543.jpeg,0.9995
1544.jpeg,0.9967
1545.jpeg,1.0000
1546.jpeg,0.0
1547.jpeg,0.9996
1549.jpeg,0.0
1550.jpeg,0.9991
1551.jpeg,0.9994
1552.jpeg,0.9956
1553.jpeg,0.9998
1554.jpeg,0.9980
1555.jpeg,0.9973
1556.jpeg,0.9998
1557.jpeg,0.9998
1558.jpeg,0.9998
1560.jpeg,0.9998
1561.jpeg,0.9997
1562.jpeg,0.9990
1563.jpeg,0.9990
1565.jpeg,0.9995
1566.jpeg,0.9998
1567.jpeg,0.9972
1568.jpeg,0.8137
1569.jpeg,0.9995
157.jpeg,0.9999
1570.jpeg,0.9998
1571.jpeg,0.9998
1572.jpeg,0.9975
1573.jpeg,0.9985
1574.jpeg,0.9997
1575.jpeg,0.9966
1576.jpeg,0.9963
1577.jpeg,0.9999
1578.jpeg,0.9768
1579.jpeg,0.0
158.jpeg,0.9998
1580.jpeg,0.9998
1581.jpeg,0.9994
1582.jpeg,0.9998
1583.jpeg,0.9712
1584.jpeg,0.9990
1585.jpeg,0.9995
1586.jpeg,0.9992
1587.jpeg,0.9996
1588.jpeg,0.9982
1589.jpeg,0.9999
159.jpeg,0.9979
1590.jpeg,0.9998
1591.jpeg,0.9973
1592.jpeg,0.9888
1593.jpeg,0.9989
1594.jpeg,0.9989
1595.jpeg,-1
1596.jpeg,0.9994
1597.jpeg,0.9952
1598.jpeg,0.9980
1599.jpeg,0.9901
16.jpeg,0.9998
160.jpeg,0.9999
1600.jpeg,0.9960
1602.jpeg,0.9996
1603.jpeg,0.9785
1604.jpeg,0.9997
1605.jpeg,0.9987
1606.jpeg,0.9996
1607.jpeg,0.9999
1608.jpeg,0.9985
1609.jpeg,0.9999
161.jpeg,0.9998
1610.jpeg,0.9998
1611.jpeg,0.9990
1612.jpeg,0.9999
1613.jpeg,0.8935
1615.jpeg,0.0
1616.jpeg,0.9996
1617.jpeg,0.0
1619.jpeg,0.9999
162.jpeg,0.9990
1620.jpeg,0.0
1621.jpeg,0.9996
1622.jpeg,0.9994
1623.jpeg,0.9995
1624.jpeg,0.9997
1625.jpeg,0.9954
1626.jpeg,0.9993
1628.jpeg,0.9987
1629.jpeg,0.9994
163.jpeg,0.0
1630.jpeg,0.9985
1632.jpeg,0.9998
1633.jpeg,0.0
1634.jpeg,0.0
1635.jpeg,0.9999
1636.jpeg,0.9746
1637.jpeg,0.0
1638.jpeg,0.9999
1639.jpeg,0.9916
164.jpeg,0.9989
1640.jpeg,0.9969
1641.jpeg,0.9998
1642.jpeg,0.9994
1643.jpeg,0.9994
1644.jpeg,0.9995
1645.jpeg,0.9991
1646.jpeg,0.0
1647.jpeg,0.9998
1648.jpeg,0.9997
1649.jpeg,0.9998
165.jpeg,0.9869
1650.jpeg,0.9973
1651.jpeg,0.9998
1652.jpeg,0.9998
1653.jpeg,0.9990
1654.jpeg,0.9978
1655.jpeg,0.0
1656.jpeg,0.9999
1657.jpeg,0.9992
1659.jpeg,0.9983
166.jpeg,0.9988
1660.jpeg,0.9901
1662.jpeg,1.0000
1663.jpeg,0.9999
1664.jpeg,0.9868
1665.jpeg,0.9999
1666.jpeg,0.9995
1667.jpeg,0.0
1668.jpeg,0.9943
1669.jpeg,0.9995
167.jpeg,0.9995
1670.jpeg,0.9984
1671.jpeg,0.9955
1672.jpeg,0.9837
1673.jpeg,0.9985
1674.jpeg,0.9995
1675.jpeg,0.9990
1676.jpeg,0.9982
1677.jpeg,0.9998
1678.jpeg,1.0000
168.jpeg,0.9982
1680.jpeg,0.9914
1681.jpeg,0.9968
1682.jpeg,0.9999
1683.jpeg,0.9998
1684.jpeg,0.9981
1685.jpeg,0.9998
1687.jpeg,0.9998
1688.jpeg,0.9999
1689.jpeg,0.9986
169.jpeg,0.9991
1690.jpeg,0.9953
1691.jpeg,0.9965
1692.jpeg,0.9993
1693.jpeg,0.9992
1694.jpeg,0.9997
1695.jpeg,0.9968
1696.jpeg,0.9993
1697.jpeg,1.0000
1698.jpeg,0.9997
1699.jpeg,0.9994
17.jpeg,0.9991
170.jpeg,0.9907
1700.jpeg,0.9997
1701.jpeg,0.0
1702.jpeg,0.9997
1703.jpeg,0.9979
1704.jpeg,0.9991
1705.jpeg,0.9905
1706.jpeg,0.9997
1707.jpeg,0.9999
1708.jpeg,0.9998
1709.jpeg,0.0
1710.jpeg,0.9959
1711.jpeg,0.0
1712.jpeg,0.9962
1713.jpeg,0.9961
1714.jpeg,0.9929
1715.jpeg,0.9999
1716.jpeg,0.9997
1718.jpeg,0.9996
1719.jpeg,-1
172.jpeg,0.9992
1721.jpeg,0.9998
1722.jpeg,0.9991
1723.jpeg,0.9921
1724.jpeg,0.9998
1725.jpeg,0.0
1726.jpeg,0.9979
1727.jpeg,0.9998
1728.jpeg,0.9993
1729.jpeg,0.9990
173.jpeg,0.9332
1730.jpeg,0.9961
1731.jpeg,0.9994
1732.jpeg,0.0
1733.jpeg,0.9996
1734.jpeg,0.9965
1735.jpeg,0.9997
1736.jpeg,0.9989
1737.jpeg,0.9998
1738.jpeg,0.9946
1739.jpeg,-1
174.jpeg,0.9999
1740.jpeg,0.9998
1741.jpeg,0.9991
1742.jpeg,0.9999
1743.jpeg,0.9995
1744.jpeg,0.9963
1745.jpeg,0.9997
1746.jpeg,0.9994
1747.jpeg,0.0
1748.jpeg,0.9997
1749.jpeg,0.9997
175.jpeg,0.9999
1751.jpeg,0.9995
1752.jpeg,0.9992
1753.jpeg,0.9984
1754.jpeg,0.9964
1755.jpeg,0.9999
1756.jpeg,0.9916
1757.jpeg,0.9990
1758.jpeg,0.0
1759.jpeg,0.9996
176.jpeg,0.9999
1760.jpeg,0.9996
1761.jpeg,0.9998
1762.jpeg,0.0
1763.jpeg,0.9993
1764.jpeg,0.9996
1765.jpeg,0.9995
1767.jpeg,0.9990
1769.jpeg,0.9989
177.jpeg,0.9999
1770.jpeg,0.9998
1771.jpeg,0.9994
1772.jpeg,0.9996
1773.jpeg,0.9996
1774.jpeg,0.9938
1775.jpeg,0.9936
1777.jpeg,0.9968
1778.jpeg,0.9998
1779.jpeg,0.9998
178.jpeg,0.0
1780.jpeg,0.9986
1781.jpeg,0.0
1782.jpeg,0.9997
1783.jpeg,1.0000
1784.jpeg,0.9966
1785.jpeg,0.9971
1786.jpeg,0.9999
1787.jpeg,0.9987
1788.jpeg,0.9996
1789.jpeg,0.9893
1790.jpeg,0.9800
1791.jpeg,0.9999
1792.jpeg,0.9935
1793.jpeg,0.8495
1794.jpeg,0.0
1795.jpeg,0.9991
1796.jpeg,0.0
1797.jpeg,0.9992
1798.jpeg,0.9994
1799.jpeg,0.0
18.jpeg,0.9995
180.jpeg,0.9998
1800.jpeg,0.0
1802.jpeg,0.9827
1803.jpeg,0.9891
1805.jpeg,0.9997
1806.jpeg,0.9995
1807.jpeg,0.9996
1808.jpeg,0.9956
1809.jpeg,0.9994
181.jpeg,0.9980
1810.jpeg,0.0
1811.jpeg,0.0
1812.jpeg,0.9989
1813.jpeg,0.9996
1814.jpeg,0.0
1816.jpeg,0.9976
1817.jpeg,0.9994
1818.jpeg,0.6897
1819.jpeg,0.9998
182.jpeg,0.9977
1820.jpeg,0.9998
1821.jpeg,0.9990
1822.jpeg,0.9967
1823.jpeg,0.9990
1824.jpeg,0.9921
1825.jpeg,0.9998
1826.jpeg,0.9983
1827.jpeg,0.0
1828.jpeg,0.9993
1829.jpeg,0.9962
183.jpeg,0.9942
1830.jpeg,0.9996
1831.jpeg,0.9993
1833.jpeg,0.0
1834.jpeg,0.9997
1835.jpeg,0.9957
1836.jpeg,0.9867
1837.jpeg,0.9999
1838.jpeg,0.9984
1839.jpeg,0.9981
184.jpeg,0.9998
1840.jpeg,0.9999
1841.jpeg,0.9997
1842.jpeg,0.0
1843.jpeg,0.9992
1844.jpeg,0.0
1845.jpeg,0.9994
1847.jpeg,0.9989
1848.jpeg,0.9987
1849.jpeg,0.9999
185.jpeg,0.9995
1850.jpeg,0.9929
1851.jpeg,0.9998
1852.jpeg,0.9994
1853.jpeg,0.9986
1854.jpeg,0.9999
1856.jpeg,0.9986
1857.jpeg,0.9994
1858.jpeg,0.9998
1859.jpeg,0.9998
186.jpeg,0.9997
1860.jpeg,0.9998
1861.jpeg,0.9961
1862.jpeg,0.9998
1863.jpeg,0.9998
1864.jpeg,0.9996
1865.jpeg,0.9999
1866.jpeg,0.9966
1867.jpeg,0.9994
1868.jpeg,0.9999
1869.jpeg,0.9999
187.jpeg,0.9997
1871.jpeg,0.9988
1872.jpeg,0.9965
1873.jpeg,0.9997
1874.jpeg,0.9997
1875.jpeg,0.0
1876.jpeg,0.9999
1878.jpeg,0.9997
1879.jpeg,0.0
188.jpeg,0.9997
1880.jpeg,0.9964
1881.jpeg,0.9913
1882.jpeg,0.9942
1883.jpeg,0.9992
1884.jpeg,0.9982
1885.jpeg,0.9967
1886.jpeg,0.9999
1887.jpeg,0.0
1888.jpeg,0.9996
189.jpeg,0.9993
1890.jpeg,0.9996
1891.jpeg,0.9986
1892.jpeg,0.9993
1894.jpeg,0.9994
1895.jpeg,0.0
1896.jpeg,0.9999
1897.jpeg,0.9994
1898.jpeg,0.0
1899.jpeg,0.9994
19.jpeg,0.9941
190.jpeg,0.9997
1900.jpeg,0.9992
1901.jpeg,0.9994
1902.jpeg,0.9996
1904.jpeg,0.9998
1906.jpeg,0.9983
1908.jpeg,0.9984
1909.jpeg,0.9948
191.jpeg,0.9990
1910.jpeg,0.9997
1911.jpeg,0.9984
1912.jpeg,0.9988
1913.jpeg,0.9986
1914.jpeg,0.9947
1915.jpeg,0.0
1916.jpeg,0.9998
1917.jpeg,0.9997
1918.jpeg,0.9998
1919.jpeg,0.9998
192.jpeg,0.9999
1920.jpeg,0.9998
1921.jpeg,0.9512
1922.jpeg,0.9995
1923.jpeg,0.9999
1924.jpeg,0.0
1925.jpeg,0.9939
1926.jpeg,0.9971
1927.jpeg,0.9978
1928.jpeg,0.9994
1929.jpeg,0.0
193.jpeg,0.9988
1930.jpeg,0.9999
1932.jpeg,0.9999
1933.jpeg,1.0000
1934.jpeg,0.9978
1935.jpeg,0.9995
1936.jpeg,0.9999
1937.jpeg,0.9995
1938.jpeg,0.9960
194.jpeg,0.0
1941.jpeg,0.9997
1942.jpeg,0.9997
1943.jpeg,0.9997
1944.jpeg,0.9998
1945.jpeg,0.9999
1946.jpeg,0.9987
1948.jpeg,0.9968
1949.jpeg,0.9995
195.jpeg,0.9987
1950.jpeg,0.9999
1952.jpeg,0.9998
1953.jpeg,0.9824
1954.jpeg,0.0
1955.jpeg,0.9996
1956.jpeg,0.9943
1957.jpeg,0.9938
1958.jpeg,0.9998
1959.jpeg,0.9993
1960.jpeg,0.9993
1961.jpeg,0.9989
1962.jpeg,0.9997
1963.jpeg,0.9964
1964.jpeg,0.9945
1965.jpeg,0.9997
1966.jpeg,0.9632
1967.jpeg,0.9947
1968.jpeg,0.0
1969.jpeg,0.0
197.jpeg,0.9998
1971.jpeg,0.9992
1972.jpeg,0.9994
1973.jpeg,0.9995
1974.jpeg,0.9998
1975.jpeg,0.0
1976.jpeg,0.9999
1977.jpeg,0.9966
1978.jpeg,0.9996
1979.jpeg,0.9998
198.jpeg,0.9999
1980.jpeg,0.9997
1981.jpeg,0.9979
1982.jpeg,0.9997
1983.jpeg,0.0
1984.jpeg,0.9993
1985.jpeg,0.9999
1988.jpeg,0.9991
199.jpeg,0.9983
1990.jpeg,0.9987
1992.jpeg,0.9987
1993.jpeg,0.9984
1994.jpeg,0.9999
1995.jpeg,0.9994
1996.jpeg,0.9999
1997.jpeg,0.9929
1998.jpeg,0.9991
1999.jpeg,0.0
2.jpeg,0.9990
20.jpeg,0.9980
200.jpeg,0.9987
2000.jpeg,0.9995
2001.jpeg,0.9998
2003.jpeg,0.9928
2004.jpeg,0.9998
2005.jpeg,0.9995
2006.jpeg,0.9979
2007.jpeg,0.9995
2008.jpeg,0.9901
2009.jpeg,0.0
201.jpeg,0.9997
2012.jpeg,0.9998
2013.jpeg,0.9989
2015.jpeg,0.9981
2016.jpeg,0.9992
2017.jpeg,0.9997
2018.jpeg,0.9988
2019.jpeg,0.9988
2021.jpeg,0.9996
2023.jpeg,0.9998
2024.jpeg,0.9970
2025.jpeg,0.9976
2026.jpeg,0.9999
2027.jpeg,0.9999
2030.jpeg,0.0
2031.jpeg,0.9940
2032.jpeg,0.9997
2033.jpeg,0.9997
2034.jpeg,0.9994
2035.jpeg,0.9994
2036.jpeg,0.0
2037.jpeg,0.0
2038.jpeg,0.9999
2039.jpeg,0.9985
204.jpeg,0.9998
2040.jpeg,0.0
2041.jpeg,0.9998
2042.jpeg,0.9988
2043.jpeg,0.9996
2044.jpeg,0.9999
2045.jpeg,0.9996
2047.jpeg,0.0
2048.jpeg,0.9985
2049.jpeg,0.9245
2050.jpeg,0.0
2051.jpeg,0.9999
2052.jpeg,0.9942
2053.jpeg,0.9994
2054.jpeg,0.9538
2055.jpeg,0.9993
2056.jpeg,0.9958
2057.jpeg,0.9999
2058.jpeg,0.9995
2059.jpeg,0.9996
206.jpeg,0.9999
2060.jpeg,0.9886
2061.jpeg,0.9996
2062.jpeg,0.9999
2063.jpeg,0.9984
2064.jpeg,0.9999
2065.jpeg,0.9996
2066.jpeg,0.9990
2067.jpeg,0.0
2068.jpeg,0.9995
2069.jpeg,0.9997
207.jpeg,0.9961
2070.jpeg,0.9996
2071.jpeg,0.9997
2072.jpeg,0.9997
2073.jpeg,0.9999
2074.jpeg,0.9989
2075.jpeg,0.9997
2076.jpeg,0.9614
2079.jpeg,0.0
208.jpeg,0.0
2080.jpeg,0.0
2081.jpeg,0.9991
2082.jpeg,0.9664
2083.jpeg,0.9999
2084.jpeg,0.9967
2085.jpeg,0.9997
2086.jpeg,0.9996
2087.jpeg,0.9998
2088.jpeg,0.9974
2089.jpeg,0.9996
209.jpeg,0.9996
2090.jpeg,0.9998
2091.jpeg,0.0
2092.jpeg,0.0
2093.jpeg,0.9999
2094.jpeg,0.9997
2095.jpeg,0.9997
2096.jpeg,0.0
2097.jpeg,0.9998
2098.jpeg,0.0
2099.jpeg,0.9999
21.jpeg,0.9962
210.jpeg,0.9998
2100.jpeg,0.9996
2101.jpeg,0.9999
2103.jpeg,0.9944
2104.jpeg,0.9998
2105.jpeg,0.9955
2106.jpeg,0.9997
2107.jpeg,0.9964
2108.jpeg,0.9950
2109.jpeg,0.9997
211.jpeg,0.9972
2110.jpeg,0.9991
2111.jpeg,0.9998
2113.jpeg,0.9265
2114.jpeg,0.9985
2115.jpeg,0.9998
2116.jpeg,0.9988
2117.jpeg,0.9991
2118.jpeg,0.9998
2119.jpeg,0.9999
212.jpeg,0.9993
2120.jpeg,0.9998
2121.jpeg,0.9995
2122.jpeg,0.9935
2123.jpeg,0.9997
2125.jpeg,0.6760
2127.jpeg,0.9967
2128.jpeg,0.9994
2129.jpeg,0.9974
213.jpeg,0.9998
2130.jpeg,0.9920
2131.jpeg,0.9976
2132.jpeg,0.9996
2133.jpeg,0.9702
2134.jpeg,0.9926
2135.jpeg,0.9998
2137.jpeg,0.9999
2138.jpeg,0.9627
2139.jpeg,0.9978
214.jpeg,0.9911
2140.jpeg,0.9992
2141.jpeg,0.9995
2142.jpeg,0.9999
2143.jpeg,0.9997
2144.jpeg,0.9997
2145.jpeg,0.9996
2146.jpeg,0.9998
2147.jpeg,0.9999
2148.jpeg,0.9998
2149.jpeg,0.9997
215.jpeg,0.9997
2150.jpeg,0.9999
2151.jpeg,0.9997
2152.jpeg,0.9999
2153.jpeg,0.9975
2154.jpeg,0.0
2155.jpeg,0.9997
2156.jpeg,0.9882
2157.jpeg,0.9993
2158.jpeg,0.9999
2159.jpeg,0.9924
216.jpeg,0.9989
2160.jpeg,0.0
2162.jpeg,0.9944
2163.jpeg,0.9997
2165.jpeg,0.9997
2166.jpeg,0.9992
2167.jpeg,0.9988
2168.jpeg,0.9983
2169.jpeg,0.9997
217.jpeg,0.9995
2170.jpeg,0.9962
2171.jpeg,0.9999
2172.jpeg,0.9971
2173.jpeg,0.9992
2175.jpeg,0.9985
2176.jpeg,0.9981
2177.jpeg,0.9999
2178.jpeg,0.9988
2179.jpeg,0.0
218.jpeg,0.9995
2180.jpeg,0.9997
2181.jpeg,0.9985
2182.jpeg,0.9994
2184.jpeg,0.0
2185.jpeg,0.9816
2186.jpeg,0.9998
2189.jpeg,0.9990
219.jpeg,0.9986
2191.jpeg,0.0
2192.jpeg,0.9996
2193.jpeg,0.9997
2194.jpeg,0.9998
2196.jpeg,0.0
2197.jpeg,0.9987
2198.jpeg,0.8584
2199.jpeg,0.9990
22.jpeg,0.9998
220.jpeg,0.9998
2200.jpeg,0.9983
2201.jpeg,0.0
2204.jpeg,0.9891
2205.jpeg,0.9987
2206.jpeg,0.9958
2207.jpeg,0.9986
2208.jpeg,0.9997
2209.jpeg,0.9994
221.jpeg,0.9987
2210.jpeg,0.9997
2211.jpeg,0.9504
2212.jpeg,0.9975
2213.jpeg,0.9404
2214.jpeg,0.9998
2215.jpeg,0.9997
2216.jpeg,0.9998
2217.jpeg,0.9977
2218.jpeg,0.9949
2220.jpeg,0.0
2221.jpeg,0.9991
2222.jpeg,0.9820
2223.jpeg,0.9799
2225.jpeg,0.9987
2226.jpeg,0.9981
2227.jpeg,0.9992
2228.jpeg,0.9998
2229.jpeg,0.9999
223.jpeg,0.9999
2230.jpeg,0.9998
2232.jpeg,0.9986
2233.jpeg,0.9971
2235.jpeg,0.9998
2236.jpeg,0.9996
2237.jpeg,0.9985
2238.jpeg,0.9996
2239.jpeg,0.8718
224.jpeg,0.9165
2240.jpeg,0.9986
2241.jpeg,0.9995
2242.jpeg,0.9850
2243.jpeg,0.9957
2244.jpeg,0.0
2245.jpeg,0.0
2246.jpeg,0.9999
2247.jpeg,0.9996
2248.jpeg,0.9995
2249.jpeg,0.9978
225.jpeg,0.9991
2250.jpeg,0.9999
2251.jpeg,0.9176
2252.jpeg,0.9993
2253.jpeg,0.9993
2254.jpeg,0.9982
2255.jpeg,0.9995
2256.jpeg,0.9925
2257.jpeg,0.9981
2258.jpeg,0.0
2259.jpeg,0.6880
226.jpeg,0.0
2260.jpeg,0.9989
2261.jpeg,0.9991
2262.jpeg,0.9998
2263.jpeg,0.9995
2264.jpeg,0.9989
2265.jpeg,0.9999
2266.jpeg,0.9999
2267.jpeg,0.9994
2268.jpeg,0.9971
2269.jpeg,0.9980
227.jpeg,0.9998
2270.jpeg,0.9680
2271.jpeg,0.9973
2273.jpeg,0.9993
2274.jpeg,0.9989
2275.jpeg,0.9990
2276.jpeg,0.9812
2277.jpeg,0.9998
2279.jpeg,0.9964
228.jpeg,0.9997
2280.jpeg,0.9936
2281.jpeg,0.0
2282.jpeg,0.9998
2283.jpeg,0.9983
2284.jpeg,0.9996
2285.jpeg,0.9963
2286.jpeg,0.0
2287.jpeg,0.0
2288.jpeg,0.9997
229.jpeg,0.9930
2290.jpeg,0.9991
2291.jpeg,0.9992
2292.jpeg,0.9991
2293.jpeg,0.9987
2296.jpeg,0.9735
2297.jpeg,0.9832
2298.jpeg,0.9995
2299.jpeg,0.0
23.jpeg,0.9997
230.jpeg,0.9997
2300.jpeg,0.9956
2301.jpeg,0.9988
2303.jpeg,0.9994
2304.jpeg,0.9943
2305.jpeg,0.9979
2306.jpeg,0.9947
2307.jpeg,0.0
2308.jpeg,0.9997
2309.jpeg,0.9655
231.jpeg,0.9995
2311.jpeg,0.9941
2312.jpeg,0.0
2313.jpeg,0.0
2314.jpeg,0.9529
2315.jpeg,0.9998
2316.jpeg,0.9997
2317.jpeg,0.0
2319.jpeg,0.9987
232.jpeg,0.9998
2320.jpeg,0.9859
2321.jpeg,0.0
2323.jpeg,0.9998
2324.jpeg,0.9995
2325.jpeg,0.0
2327.jpeg,0.9997
2328.jpeg,0.9997
2329.jpeg,0.0
233.jpeg,0.9976
2330.jpeg,0.9995
2331.jpeg,0.9999
2332.jpeg,0.9996
2333.jpeg,0.9990
2334.jpeg,0.9998
2336.jpeg,0.9973
2337.jpeg,0.9991
234.jpeg,0.9998
2340.jpeg,0.9967
2341.jpeg,0.9999
2342.jpeg,0.9975
2343.jpeg,0.9990
2344.jpeg,0.0
2345.jpeg,0.9993
2346.jpeg,0.9996
2347.jpeg,0.9996
2348.jpeg,0.9995
2349.jpeg,0.9995
235.jpeg,0.0
2350.jpeg,0.9970
2351.jpeg,0.9976
2352.jpeg,0.9997
2353.jpeg,0.9995
2354.jpeg,0.9995
2355.jpeg,0.9920
2356.jpeg,0.9993
2357.jpeg,0.0
2358.jpeg,0.9999
2359.jpeg,0.9989
236.jpeg,0.9998
2360.jpeg,0.9998
2361.jpeg,0.9979
2362.jpeg,0.9980
2363.jpeg,0.9973
2364.jpeg,0.0
2365.jpeg,0.9996
2366.jpeg,0.9971
2367.jpeg,0.9838
2368.jpeg,0.9959
2369.jpeg,0.9985
237.jpeg,0.9999
2370.jpeg,0.9993
2371.jpeg,0.9995
2372.jpeg,0.0
2373.jpeg,0.9996
2374.jpeg,0.0
2375.jpeg,0.9989
2376.jpeg,0.9957
2377.jpeg,0.9998
2378.jpeg,0.0
2379.jpeg,0.9999
238.jpeg,0.9999
2380.jpeg,0.9999
2381.jpeg,0.9981
2382.jpeg,0.9998
2384.jpeg,0.9994
2385.jpeg,0.9997
2386.jpeg,0.9990
2387.jpeg,0.9581
2388.jpeg,0.9976
2389.jpeg,0.9998
239.jpeg,0.9997
2390.jpeg,0.9988
2391.jpeg,0.9997
2392.jpeg,0.9998
2393.jpeg,0.9999
2394.jpeg,0.0
2395.jpeg,0.9993
2396.jpeg,0.9991
2397.jpeg,0.9999
2398.jpeg,0.9918
2399.jpeg,0.9943
24.jpeg,0.9987
2400.jpeg,0.9994
2402.jpeg,0.9997
2403.jpeg,0.9999
2404.jpeg,0.9997
2405.jpeg,0.9998
2407.jpeg,0.9982
2408.jpeg,0.9996
2409.jpeg,0.9995
241.jpeg,0.9998
2410.jpeg,0.9985
2411.jpeg,0.9992
2412.jpeg,0.9993
2413.jpeg,0.9992
2414.jpeg,0.9998
2415.jpeg,0.0
2417.jpeg,0.0
2418.jpeg,0.0
2419.jpeg,0.9999
242.jpeg,0.9998
2420.jpeg,0.9995
2421.jpeg,0.9992
2422.jpeg,0.9973
2423.jpeg,0.9997
2424.jpeg,0.9999
2425.jpeg,0.8536
2426.jpeg,0.9992
2427.jpeg,0.0
2428.jpeg,0.9998
2429.jpeg,0.0
243.jpeg,0.9360
2430.jpeg,0.9927
2431.jpeg,0.9995
2432.jpeg,0.9998
2434.jpeg,0.0
2435.jpeg,0.0
2436.jpeg,0.9996
2437.jpeg,0.9997
2438.jpeg,0.9994
2439.jpeg,0.9998
244.jpeg,0.0
2440.jpeg,0.9870
2441.jpeg,0.9975
2442.jpeg,0.0
2443.jpeg,0.9999
2444.jpeg,0.9999
2445.jpeg,0.9980
2446.jpeg,0.9998
2447.jpeg,0.9962
2448.jpeg,0.0
2449.jpeg,0.9930
245.jpeg,0.9999
2450.jpeg,0.9997
2451.jpeg,0.9987
2452.jpeg,0.0
2453.jpeg,0.9996
2454.jpeg,0.9986
2455.jpeg,0.9993
2456.jpeg,0.9960
2457.jpeg,0.9841
2458.jpeg,0.9999
246.jpeg,0.9998
2460.jpeg,0.0
2462.jpeg,0.9999
2463.jpeg,0.0
2464.jpeg,0.9992
2465.jpeg,0.9996
2466.jpeg,0.0
2467.jpeg,0.0
2468.jpeg,0.9964
2469.jpeg,0.9954
247.jpeg,0.9967
2470.jpeg,0.9991
2471.jpeg,0.0
2472.jpeg,0.9986
2473.jpeg,0.9995
2474.jpeg,0.0
2475.jpeg,0.9999
2476.jpeg,0.9998
2477.jpeg,0.9997
2478.jpeg,0.9997
2479.jpeg,0.9998
248.jpeg,0.0
2480.jpeg,0.9992
2481.jpeg,0.9936
2482.jpeg,0.9995
2483.jpeg,0.9950
2484.jpeg,0.9999
2485.jpeg,0.0
2486.jpeg,0.9997
2488.jpeg,0.9995
2489.jpeg,0.9857
249.jpeg,0.9973
2490.jpeg,0.9994
2491.jpeg,0.9998
2492.jpeg,0.9972
2493.jpeg,0.9997
2494.jpeg,0.9994
2495.jpeg,0.9994
2496.jpeg,0.9985
2497.jpeg,0.0
2498.jpeg,0.9996
2499.jpeg,0.0
25.jpeg,0.9999
250.jpeg,0.9997
2501.jpeg,0.9972
2502.jpeg,0.0
2503.jpeg,0.8560
2504.jpeg,0.9996
2505.jpeg,0.9998
2506.jpeg,0.9966
2507.jpeg,0.9975
2508.jpeg,0.9998
2509.jpeg,0.9999
251.jpeg,0.9979
2510.jpeg,0.9996
2511.jpeg,0.9998
2512.jpeg,0.9996
2513.jpeg,0.9977
2514.jpeg,0.9997
2516.jpeg,0.9997
2518.jpeg,0.9997
2519.jpeg,0.9967
252.jpeg,0.9997
2520.jpeg,0.9997
2521.jpeg,0.9982
2523.jpeg,0.9999
2524.jpeg,0.9983
2525.jpeg,0.9997
2526.jpeg,0.9998
2529.jpeg,0.9999
253.jpeg,0.9997
2530.jpeg,0.9997
2531.jpeg,0.9998
2532.jpeg,0.9999
2533.jpeg,0.9147
2534.jpeg,0.9998
2535.jpeg,0.9997
2536.jpeg,0.0
2537.jpeg,0.0
2538.jpeg,0.9993
2539.jpeg,0.0
254.jpeg,0.9992
2540.jpeg,0.9999
2541.jpeg,0.9992
2542.jpeg,0.9944
2543.jpeg,0.9992
2544.jpeg,0.9977
2545.jpeg,0.9996
2546.jpeg,0.9995
2547.jpeg,0.9991
2548.jpeg,0.9881
2549.jpeg,0.9637
255.jpeg,0.9994
2550.jpeg,0.9963
2551.jpeg,0.0
2552.jpeg,0.9998
2553.jpeg,1.0000
2554.jpeg,0.9998
2555.jpeg,0.9984
2556.jpeg,0.9998
2557.jpeg,0.9956
2558.jpeg,0.0
2559.jpeg,0.9981
256.jpeg,0.9999
2560.jpeg,0.9998
2561.jpeg,0.0
2563.jpeg,0.9998
2564.jpeg,0.0
2565.jpeg,0.9994
2566.jpeg,0.9998
2567.jpeg,0.9991
2568.jpeg,0.9989
2569.jpeg,0.9901
257.jpeg,0.9992
2570.jpeg,0.9992
2571.jpeg,0.9992
2572.jpeg,0.9991
2573.jpeg,0.0
2574.jpeg,0.9988
2575.jpeg,0.9998
2576.jpeg,0.0
2577.jpeg,0.9997
2578.jpeg,0.9987
2579.jpeg,0.0
258.jpeg,0.9980
2580.jpeg,0.9984
2581.jpeg,0.9988
2582.jpeg,0.9976
2584.jpeg,0.9977
2585.jpeg,0.9981
2586.jpeg,0.9299
2587.jpeg,0.5724
2588.jpeg,0.9580
2589.jpeg,0.9998
259.jpeg,0.9999
2590.jpeg,0.9995
2591.jpeg,0.9986
2592.jpeg,0.9981
2593.jpeg,0.9998
2594.jpeg,0.9895
2595.jpeg,0.9960
2596.jpeg,0.9997
2597.jpeg,0.9993
2598.jpeg,0.9992
2599.jpeg,0.9969
26.jpeg,0.9932
260.jpeg,0.9999
2600.jpeg,0.9868
2601.jpeg,0.0
2602.jpeg,0.9986
2603.jpeg,0.7260
2604.jpeg,0.9999
2605.jpeg,0.6473
2606.jpeg,0.9994
2607.jpeg,0.9998
2608.jpeg,0.9996
2609.jpeg,0.9990
261.jpeg,0.9995
2611.jpeg,0.9998
2612.jpeg,0.9961
2613.jpeg,0.9997
2614.jpeg,0.9998
2617.jpeg,0.9987
2618.jpeg,0.9954
2619.jpeg,0.9997
262.jpeg,0.7628
2620.jpeg,0.8317
2621.jpeg,0.9999
2622.jpeg,0.0
2623.jpeg,0.9973
2624.jpeg,0.9985
2626.jpeg,0.0
2628.jpeg,0.9991
2629.jpeg,0.9995
263.jpeg,0.9985
2630.jpeg,0.9980
2631.jpeg,0.9998
2632.jpeg,0.9981
2633.jpeg,0.9778
2635.jpeg,0.9992
2637.jpeg,0.0
2638.jpeg,0.9990
2639.jpeg,0.9994
264.jpeg,0.9980
2640.jpeg,0.9999
2641.jpeg,0.0
2642.jpeg,0.9998
2643.jpeg,0.9982
2644.jpeg,0.9997
2645.jpeg,0.0
2646.jpeg,0.9996
2647.jpeg,0.9998
2648.jpeg,0.9997
2649.jpeg,0.9988
265.jpeg,0.9997
2650.jpeg,0.0
2651.jpeg,0.9974
2652.jpeg,0.9992
2653.jpeg,0.9994
2654.jpeg,0.9997
2655.jpeg,0.9998
2656.jpeg,0.9996
2657.jpeg,0.9999
2658.jpeg,0.0
2659.jpeg,0.9997
266.jpeg,0.9999
2660.jpeg,0.0
2661.jpeg,0.0
2662.jpeg,0.9973
2663.jpeg,0.9952
2664.jpeg,0.9974
2665.jpeg,0.9998
2666.jpeg,0.0
2667.jpeg,0.0
2668.jpeg,0.9987
2669.jpeg,0.9995
267.jpeg,0.9987
2670.jpeg,1.0000
2671.jpeg,0.9945
2672.jpeg,0.9972
2673.jpeg,0.9981
2674.jpeg,0.0
2675.jpeg,0.9999
2676.jpeg,0.9997
2677.jpeg,0.9966
2678.jpeg,0.0
2679.jpeg,0.9999
268.jpeg,0.0
2680.jpeg,0.9982
2681.jpeg,0.9988
2682.jpeg,0.9999
2683.jpeg,0.9991
2684.jpeg,0.9996
2685.jpeg,0.9998
2686.jpeg,0.9953
2687.jpeg,0.9989
2688.jpeg,0.6907
2689.jpeg,0.9949
269.jpeg,0.8958
2690.jpeg,0.9991
2691.jpeg,0.9985
2692.jpeg,0.9998
2693.jpeg,0.9992
2694.jpeg,0.9992
2696.jpeg,0.9998
2697.jpeg,0.9999
2698.jpeg,0.9996
2699.jpeg,0.9998
27.jpeg,0.0
270.jpeg,0.9993
2700.jpeg,0.9996
2701.jpeg,0.9997
2703.jpeg,0.0
2704.jpeg,0.9987
2705.jpeg,0.0
2706.jpeg,0.9994
2707.jpeg,0.9995
2708.jpeg,0.9987
2709.jpeg,0.9999
271.jpeg,0.9985
2710.jpeg,0.9993
2711.jpeg,0.0
2712.jpeg,0.9993
2713.jpeg,0.9992
2715.jpeg,0.9999
2716.jpeg,0.9996
2717.jpeg,0.9985
2719.jpeg,0.9996
272.jpeg,0.9996
2720.jpeg,0.9987
2722.jpeg,0.9972
2723.jpeg,0.0
2724.jpeg,0.9987
2725.jpeg,0.0
2726.jpeg,0.9949
2727.jpeg,0.9997
2728.jpeg,0.9990
2729.jpeg,0.9992
273.jpeg,0.9984
2730.jpeg,0.0
2731.jpeg,0.9961
2732.jpeg,0.0
2733.jpeg,0.0
2735.jpeg,1.0000
2736.jpeg,0.9996
2737.jpeg,0.9961
2738.jpeg,0.9994
2739.jpeg,0.9996
274.jpeg,0.6142
2740.jpeg,0.9998
2741.jpeg,0.9994
2742.jpeg,0.9998
2744.jpeg,0.5556
2745.jpeg,0.0
2746.jpeg,0.9985
2747.jpeg,0.9987
2749.jpeg,0.9996
275.jpeg,0.6955
2750.jpeg,0.9988
2751.jpeg,0.9994
2752.jpeg,0.9994
2753.jpeg,0.9998
2754.jpeg,0.9967
2755.jpeg,0.9999
2756.jpeg,0.0
2758.jpeg,0.9996
2759.jpeg,0.9894
276.jpeg,0.9969
2760.jpeg,0.9960
2761.jpeg,0.9997
2762.jpeg,0.0
2763.jpeg,0.9999
2765.jpeg,0.9998
2767.jpeg,0.9999
2768.jpeg,0.9969
2769.jpeg,0.9998
277.jpeg,0.9995
2770.jpeg,0.9998
2771.jpeg,0.9999
2772.jpeg,0.9773
2773.jpeg,0.9995
2774.jpeg,0.0
2775.jpeg,0.9998
2776.jpeg,0.0
2777.jpeg,0.8319
2779.jpeg,0.0
278.jpeg,0.9966
2780.jpeg,0.9123
2781.jpeg,0.0
2782.jpeg,0.9993
2783.jpeg,0.0
2786.jpeg,0.9998
2787.jpeg,0.9997
2788.jpeg,0.9888
2789.jpeg,0.9996
279.jpeg,0.9994
2790.jpeg,0.9993
2792.jpeg,0.6844
2793.jpeg,0.9993
2794.jpeg,0.9998
2795.jpeg,0.0
2796.jpeg,0.9998
2797.jpeg,0.9999
2798.jpeg,0.9402
2799.jpeg,0.0
28.jpeg,0.9990
280.jpeg,0.9995
2800.jpeg,0.9970
2801.jpeg,0.9989
2802.jpeg,0.0
2803.jpeg,0.0
2804.jpeg,0.0
2806.jpeg,0.9998
2808.jpeg,0.9138
2809.jpeg,0.9998
281.jpeg,0.9993
2810.jpeg,0.9965
2811.jpeg,0.0
2812.jpeg,0.9968
2813.jpeg,0.9949
2814.jpeg,0.9892
2815.jpeg,0.9868
2817.jpeg,0.9997
2818.jpeg,0.9996
2819.jpeg,0.0
282.jpeg,0.0
2820.jpeg,0.9999
2821.jpeg,0.9983
2823.jpeg,0.9924
2824.jpeg,0.9998
2825.jpeg,0.9977
2826.jpeg,0.9979
2827.jpeg,0.8665
2829.jpeg,0.9984
283.jpeg,0.9995
2830.jpeg,0.9995
2831.jpeg,0.9973
2832.jpeg,0.9991
2833.jpeg,0.9998
2835.jpeg,0.9971
2836.jpeg,0.9999
2837.jpeg,0.9997
2838.jpeg,0.0
2839.jpeg,0.0
284.jpeg,0.9993
2840.jpeg,0.0
2841.jpeg,0.9999
2842.jpeg,0.9997
2843.jpeg,0.9999
2844.jpeg,0.9995
2845.jpeg,0.9992
2846.jpeg,0.9930
2847.jpeg,0.9997
2848.jpeg,0.9995
2849.jpeg,0.0
2850.jpeg,0.9994
2851.jpeg,0.9996
2852.jpeg,0.9971
2853.jpeg,0.0
2854.jpeg,0.9903
2855.jpeg,0.9981
2857.jpeg,0.9999
2858.jpeg,0.9993
2859.jpeg,0.9984
286.jpeg,0.0
2860.jpeg,0.9478
2861.jpeg,0.9997
2862.jpeg,0.0
2863.jpeg,0.9973
2864.jpeg,0.9991
2865.jpeg,0.9984
2866.jpeg,0.9997
2867.jpeg,0.9998
2868.jpeg,0.8318
2869.jpeg,0.9998
287.jpeg,0.9994
2870.jpeg,0.9944
2871.jpeg,0.9992
2872.jpeg,0.9979
2873.jpeg,0.9994
2874.jpeg,0.9931
2875.jpeg,0.9990
2876.jpeg,0.9979
2877.jpeg,0.9988
2878.jpeg,0.0
2879.jpeg,0.9991
288.jpeg,0.9992
2880.jpeg,0.9987
2881.jpeg,0.9996
2882.jpeg,0.9687
2883.jpeg,0.9994
2886.jpeg,0.9993
2887.jpeg,0.0
2888.jpeg,0.0
2889.jpeg,0.9997
289.jpeg,0.0
2890.jpeg,0.9996
2891.jpeg,0.9998
2892.jpeg,0.9995
2894.jpeg,0.9993
2896.jpeg,0.9932
2897.jpeg,0.9999
2899.jpeg,0.9996
290.jpeg,0.0
2900.jpeg,0.9997
2901.jpeg,0.9997
2902.jpeg,0.0
2903.jpeg,0.9980
2904.jpeg,0.9997
2905.jpeg,0.9872
2906.jpeg,0.9986
2907.jpeg,0.0
2908.jpeg,0.9996
2909.jpeg,0.9956
291.jpeg,0.9891
2910.jpeg,0.9999
2911.jpeg,0.9997
2912.jpeg,0.9998
2914.jpeg,0.0
2915.jpeg,0.9998
2916.jpeg,0.9998
2917.jpeg,0.9995
2918.jpeg,0.9997
2919.jpeg,0.9997
292.jpeg,0.9990
2921.jpeg,0.0
2923.jpeg,0.9869
2924.jpeg,0.9989
2925.jpeg,0.9976
2926.jpeg,0.9999
2928.jpeg,0.9937
2929.jpeg,0.9978
2930.jpeg,0.9999
2931.jpeg,0.9998
2932.jpeg,0.9997
2933.jpeg,0.9995
2934.jpeg,0.9990
2935.jpeg,0.0
2936.jpeg,0.9983
2937.jpeg,0.9998
2939.jpeg,0.9976
294.jpeg,0.9997
2940.jpeg,0.9984
2941.jpeg,0.9997
2943.jpeg,0.9996
2944.jpeg,0.9980
2945.jpeg,0.9999
2947.jpeg,0.9995
2948.jpeg,0.9996
2949.jpeg,0.9981
295.jpeg,0.9993
2950.jpeg,0.9973
2951.jpeg,0.0
2952.jpeg,0.9997
2953.jpeg,0.9993
2954.jpeg,0.0
2955.jpeg,0.9997
2956.jpeg,0.9996
2957.jpeg,0.9993
2958.jpeg,0.9996
2959.jpeg,0.9958
296.jpeg,0.9996
2960.jpeg,0.9928
2961.jpeg,0.9910
2962.jpeg,0.9982
2963.jpeg,0.9997
2964.jpeg,0.9989
2965.jpeg,0.6168
2966.jpeg,0.9438
2967.jpeg,0.9980
2968.jpeg,0.9998
2969.jpeg,0.9992
297.jpeg,0.9995
2970.jpeg,0.9872
2971.jpeg,0.9937
2972.jpeg,0.9982
2973.jpeg,0.9993
2974.jpeg,0.9993
2975.jpeg,0.9997
2977.jpeg,0.9992
2978.jpeg,0.9997
2979.jpeg,0.0
298.jpeg,0.9958
2980.jpeg,0.9921
2981.jpeg,1.0000
2982.jpeg,0.0
2983.jpeg,0.9957
2984.jpeg,0.9997
2985.jpeg,0.9997
2986.jpeg,0.9974
2987.jpeg,0.0
2988.jpeg,0.9988
2989.jpeg,0.9988
299.jpeg,0.9992
2990.jpeg,0.9995
2991.jpeg,0.9936
2992.jpeg,0.9960
2993.jpeg,0.9996
2994.jpeg,0.9991
2995.jpeg,0.9997
2996.jpeg,0.9977
2997.jpeg,0.9955
2998.jpeg,0.9999
2999.jpeg,0.9999
3.jpeg,0.9957
30.jpeg,0.9943
300.jpeg,0.9998
3000.jpeg,0.9995
3001.jpeg,0.9998
3002.jpeg,0.9999
3003.jpeg,0.9991
3005.jpeg,0.9995
3007.jpeg,0.9998
3008.jpeg,0.9994
301.jpeg,0.0
3010.jpeg,0.9999
3011.jpeg,0.9997
3012.jpeg,0.9992
3014.jpeg,0.0
3015.jpeg,0.9998
3016.jpeg,0.9965
3017.jpeg,0.9854
3018.jpeg,0.9998
3019.jpeg,0.0
302.jpeg,0.8074
3020.jpeg,0.9993
3021.jpeg,0.9991
3022.jpeg,0.9991
3023.jpeg,0.0
3024.jpeg,1.0000
3025.jpeg,0.9954
3026.jpeg,0.9999
3027.jpeg,0.9999
3028.jpeg,0.9999
3029.jpeg,0.9994
303.jpeg,0.9997
3030.jpeg,0.9995
3031.jpeg,0.9998
3033.jpeg,0.9998
3034.jpeg,0.9994
3035.jpeg,0.9803
3036.jpeg,0.9995
3037.jpeg,0.0
3038.jpeg,0.9998
3039.jpeg,0.9997
304.jpeg,0.7046
3040.jpeg,0.9999
3041.jpeg,0.9985
3042.jpeg,0.9991
3043.jpeg,0.9998
3045.jpeg,0.9997
3048.jpeg,0.9977
305.jpeg,0.9996
3051.jpeg,0.9999
3052.jpeg,0.9507
3053.jpeg,0.9999
3054.jpeg,0.9996
3055.jpeg,0.9979
3056.jpeg,0.9999
3057.jpeg,0.9940
3058.jpeg,0.9918
3059.jpeg,0.9981
306.jpeg,0.9987
3060.jpeg,0.9998
3061.jpeg,0.9997
3064.jpeg,0.9994
3065.jpeg,0.0
3066.jpeg,0.9991
3067.jpeg,0.9992
3068.jpeg,0.9993
3069.jpeg,0.9978
307.jpeg,0.9998
3071.jpeg,0.9998
3072.jpeg,0.9986
3073.jpeg,0.9982
3074.jpeg,0.9998
3075.jpeg,0.9996
3076.jpeg,0.9992
3077.jpeg,0.9997
3078.jpeg,0.0
3079.jpeg,0.9995
308.jpeg,0.0
3080.jpeg,0.9999
3081.jpeg,0.9994
3082.jpeg,0.9980
3083.jpeg,-1
3084.jpeg,0.9528
3085.jpeg,0.9996
3086.jpeg,0.9998
3087.jpeg,0.0
3088.jpeg,0.9998
3089.jpeg,0.9976
309.jpeg,0.9998
3090.jpeg,0.9986
3091.jpeg,0.9948
3092.jpeg,0.9986
3093.jpeg,0.9992
3094.jpeg,0.9996
3095.jpeg,0.9970
3096.jpeg,0.9995
3097.jpeg,0.9997
3098.jpeg,0.9992
3099.jpeg,0.9996
31.jpeg,0.9996
310.jpeg,0.9897
3100.jpeg,0.9972
3101.jpeg,0.9986
3102.jpeg,0.9999
3104.jpeg,0.9995
3105.jpeg,0.9984
3106.jpeg,0.9965
3107.jpeg,0.0
3108.jpeg,0.0
311.jpeg,0.9998
3110.jpeg,0.9999
3111.jpeg,0.9981
3112.jpeg,0.9988
3113.jpeg,0.9644
3114.jpeg,0.9980
3115.jpeg,0.9891
3116.jpeg,0.9999
3117.jpeg,0.9966
3119.jpeg,0.9988
312.jpeg,0.9994
3120.jpeg,0.0
3121.jpeg,0.9997
3122.jpeg,0.9995
3123.jpeg,0.9993
3124.jpeg,0.9992
3125.jpeg,0.9899
3126.jpeg,0.9998
3127.jpeg,0.9998
3128.jpeg,0.8899
3129.jpeg,0.9998
313.jpeg,0.9996
3130.jpeg,0.6561
3131.jpeg,0.9986
3133.jpeg,0.9969
3134.jpeg,0.9998
3135.jpeg,0.9987
3136.jpeg,0.9966
3137.jpeg,0.9984
3138.jpeg,0.9995
314.jpeg,0.9974
3140.jpeg,0.0
3142.jpeg,0.9974
3143.jpeg,0.8731
3145.jpeg,0.9300
3146.jpeg,0.9998
3147.jpeg,0.9981
3149.jpeg,0.9971
315.jpeg,0.9999
3150.jpeg,0.9997
3151.jpeg,0.9972
3152.jpeg,0.9995
3153.jpeg,0.9861
3155.jpeg,0.9996
3156.jpeg,0.9994
3158.jpeg,0.9997
3159.jpeg,0.0
316.jpeg,0.9997
3160.jpeg,0.9992
3162.jpeg,0.9995
3164.jpeg,0.9998
3165.jpeg,0.9690
3166.jpeg,0.9993
3167.jpeg,0.9993
3168.jpeg,0.9955
3169.jpeg,0.9982
317.jpeg,0.9969
3170.jpeg,0.9957
3171.jpeg,0.9990
3172.jpeg,0.9997
3173.jpeg,0.9989
3174.jpeg,0.0
3175.jpeg,0.9999
3176.jpeg,0.9998
3177.jpeg,0.9988
3178.jpeg,0.9996
3179.jpeg,0.9413
318.jpeg,0.9998
3180.jpeg,0.9998
3181.jpeg,0.9981
3182.jpeg,0.9993
3183.jpeg,0.9998
3184.jpeg,0.9990
3185.jpeg,0.9998
3186.jpeg,0.9997
3187.jpeg,0.9976
3188.jpeg,0.9999
3189.jpeg,0.0
319.jpeg,0.0
3190.jpeg,0.9983
3191.jpeg,0.9959
3192.jpeg,0.0
3193.jpeg,0.9997
3194.jpeg,0.9998
3195.jpeg,0.0
3196.jpeg,0.9996
3197.jpeg,0.9997
3198.jpeg,0.9991
3199.jpeg,0.9987
32.jpeg,0.9994
320.jpeg,0.9987
3201.jpeg,0.0
3202.jpeg,0.9995
3203.jpeg,0.0
3204.jpeg,0.9996
3205.jpeg,0.9964
3206.jpeg,0.0
3207.jpeg,0.9994
3208.jpeg,0.9991
3209.jpeg,0.9992
321.jpeg,0.9997
3210.jpeg,0.9996
3211.jpeg,0.9996
3212.jpeg,0.9996
3213.jpeg,0.9980
3215.jpeg,0.9998
3216.jpeg,0.9998
3217.jpeg,0.9999
3218.jpeg,0.9990
3219.jpeg,0.9995
322.jpeg,0.9875
3220.jpeg,0.9999
3221.jpeg,0.9997
3223.jpeg,0.9999
3224.jpeg,0.9997
3225.jpeg,0.9994
3226.jpeg,0.9998
3227.jpeg,0.9986
3228.jpeg,0.0
3229.jpeg,0.9996
323.jpeg,0.9989
3230.jpeg,0.9984
3231.jpeg,0.9997
3232.jpeg,0.0
3233.jpeg,0.0
3234.jpeg,0.9984
3235.jpeg,0.0
3236.jpeg,0.9993
3237.jpeg,0.9990
3238.jpeg,0.9967
3239.jpeg,0.9989
324.jpeg,0.9959
3240.jpeg,0.0
3241.jpeg,0.9999
3242.jpeg,0.0
3243.jpeg,0.9998
3244.jpeg,0.9998
3245.jpeg,0.9995
3246.jpeg,0.9995
3247.jpeg,0.9977
3248.jpeg,0.9992
3249.jpeg,0.9990
3250.jpeg,0.0
3251.jpeg,0.9993
3252.jpeg,0.9997
3253.jpeg,0.0
3255.jpeg,0.9967
3257.jpeg,0.9996
3258.jpeg,0.9986
3259.jpeg,0.9966
326.jpeg,0.9981
3260.jpeg,0.9959
3261.jpeg,0.9947
3262.jpeg,0.5509
3263.jpeg,0.9984
3264.jpeg,0.8752
3265.jpeg,0.9996
3266.jpeg,0.9997
3267.jpeg,0.9997
3268.jpeg,0.0
327.jpeg,0.9997
3271.jpeg,0.9997
3272.jpeg,0.9976
3273.jpeg,0.9997
3274.jpeg,0.0
3275.jpeg,0.9996
3276.jpeg,0.9993
3278.jpeg,0.9989
3279.jpeg,0.9957
329.jpeg,0.0
33.jpeg,0.9964
330.jpeg,0.9997
331.jpeg,0.9994
332.jpeg,0.9999
334.jpeg,0.9992
335.jpeg,0.9998
336.jpeg,0.9984
337.jpeg,0.9999
338.jpeg,0.9907
339.jpeg,0.0
34.jpeg,0.9987
340.jpeg,0.9976
342.jpeg,0.9867
343.jpeg,0.9999
344.jpeg,0.9999
345.jpeg,0.0
346.jpeg,0.9998
347.jpeg,0.9986
348.jpeg,0.0
349.jpeg,0.9976
35.jpeg,0.9628
350.jpeg,0.9995
351.jpeg,0.9998
352.jpeg,0.0
353.jpeg,0.9996
354.jpeg,0.9998
355.jpeg,0.9994
356.jpeg,0.9978
358.jpeg,0.9989
360.jpeg,0.9222
361.jpeg,0.0
362.jpeg,0.0
363.jpeg,0.9991
364.jpeg,0.9998
365.jpeg,0.9984
366.jpeg,0.9998
367.jpeg,0.9999
368.jpeg,0.9998
369.jpeg,0.9998
37.jpeg,0.9957
372.jpeg,0.9997
374.jpeg,0.9993
375.jpeg,0.9983
376.jpeg,0.9972
377.jpeg,0.9996
378.jpeg,0.9993
38.jpeg,0.9999
380.jpeg,0.9999
381.jpeg,0.0
382.jpeg,0.9970
383.jpeg,0.0
384.jpeg,0.9996
386.jpeg,0.9992
387.jpeg,0.9997
388.jpeg,0.9973
389.jpeg,0.9988
390.jpeg,0.9998
391.jpeg,0.9999
392.jpeg,0.9993
393.jpeg,0.9977
394.jpeg,0.0
395.jpeg,0.9906
396.jpeg,0.9997
397.jpeg,0.9999
398.jpeg,0.9998
4.jpeg,0.9964
40.jpeg,0.9998
400.jpeg,0.0
401.jpeg,0.9984
402.jpeg,0.9990
403.jpeg,0.9996
404.jpeg,0.9993
405.jpeg,0.9999
406.jpeg,0.9997
407.jpeg,0.9988
408.jpeg,0.9994
409.jpeg,0.9989
41.jpeg,0.9969
410.jpeg,0.9975
411.jpeg,0.9993
412.jpeg,0.9998
413.jpeg,0.9994
414.jpeg,0.9983
415.jpeg,0.9911
416.jpeg,0.9996
417.jpeg,0.9988
418.jpeg,0.0
419.jpeg,0.9978
42.jpeg,0.9866
420.jpeg,0.9999
422.jpeg,0.9975
423.jpeg,0.9995
424.jpeg,0.9825
425.jpeg,0.9996
426.jpeg,0.9998
427.jpeg,0.9926
428.jpeg,0.9954
43.jpeg,0.9996
430.jpeg,0.9997
431.jpeg,0.9995
432.jpeg,0.9998
434.jpeg,0.0
435.jpeg,0.9997
438.jpeg,0.0
439.jpeg,0.9999
44.jpeg,0.0
440.jpeg,0.9962
441.jpeg,0.9997
442.jpeg,0.9996
443.jpeg,1.0000
444.jpeg,0.0
445.jpeg,0.9918
446.jpeg,0.9998
447.jpeg,0.9993
448.jpeg,0.0
449.jpeg,0.9998
45.jpeg,0.9998
450.jpeg,0.9989
451.jpeg,0.0
452.jpeg,0.9997
453.jpeg,0.9997
454.jpeg,0.9995
455.jpeg,0.9996
456.jpeg,0.9996
457.jpeg,0.9998
458.jpeg,0.0
459.jpeg,0.9998
46.jpeg,0.9998
460.jpeg,0.9996
461.jpeg,0.9997
462.jpeg,0.9994
463.jpeg,0.9996
464.jpeg,0.9330
465.jpeg,0.9997
466.jpeg,0.9994
467.jpeg,0.9995
468.jpeg,0.9992
469.jpeg,0.9994
47.jpeg,0.9999
470.jpeg,0.9999
472.jpeg,0.9999
473.jpeg,0.9997
474.jpeg,0.9993
475.jpeg,0.0
476.jpeg,0.9999
478.jpeg,0.0
479.jpeg,0.9999
48.jpeg,0.9992
480.jpeg,0.9958
482.jpeg,0.9983
483.jpeg,0.9972
484.jpeg,0.0
486.jpeg,0.9998
487.jpeg,0.9931
488.jpeg,0.9994
489.jpeg,0.9926
49.jpeg,0.9998
490.jpeg,0.9987
491.jpeg,0.9706
492.jpeg,0.9856
493.jpeg,0.9998
494.jpeg,0.9998
495.jpeg,0.9999
496.jpeg,0.9985
497.jpeg,0.9996
498.jpeg,0.9986
5.jpeg,0.9997
50.jpeg,0.9999
500.jpeg,0.9992
502.jpeg,0.9995
503.jpeg,0.9999
504.jpeg,0.9987
505.jpeg,0.9993
506.jpeg,0.7798
507.jpeg,0.9987
508.jpeg,0.9985
509.jpeg,0.9990
510.jpeg,0.9998
511.jpeg,0.8300
512.jpeg,0.9979
513.jpeg,0.9830
514.jpeg,0.9998
515.jpeg,0.9994
516.jpeg,0.9999
517.jpeg,0.9996
518.jpeg,0.9997
519.jpeg,0.9995
52.jpeg,0.9995
520.jpeg,0.0
521.jpeg,0.9970
522.jpeg,0.9825
523.jpeg,0.9984
524.jpeg,0.9989
525.jpeg,0.9992
526.jpeg,0.9977
527.jpeg,0.9999
528.jpeg,0.9998
529.jpeg,0.9888
53.jpeg,0.9995
530.jpeg,0.9982
531.jpeg,0.9999
532.jpeg,0.9991
534.jpeg,0.9989
535.jpeg,0.9986
536.jpeg,0.9995
537.jpeg,0.9978
538.jpeg,0.9994
539.jpeg,0.9997
54.jpeg,0.9989
540.jpeg,0.9883
541.jpeg,0.9998
542.jpeg,0.9965
543.jpeg,0.0
544.jpeg,0.5508
545.jpeg,0.9998
546.jpeg,0.9999
547.jpeg,0.0
549.jpeg,0.9996
55.jpeg,0.9991
550.jpeg,0.9961
551.jpeg,0.9999
552.jpeg,0.9943
553.jpeg,0.9991
554.jpeg,0.9755
556.jpeg,0.9997
557.jpeg,0.9988
558.jpeg,0.0
559.jpeg,0.9990
56.jpeg,0.0
560.jpeg,0.9991
561.jpeg,0.0
563.jpeg,0.9974
564.jpeg,0.9982
565.jpeg,0.7833
566.jpeg,0.9996
567.jpeg,0.9995
568.jpeg,0.9999
569.jpeg,0.0
57.jpeg,0.9988
570.jpeg,0.9993
571.jpeg,0.9997
572.jpeg,0.0
573.jpeg,0.9994
574.jpeg,0.9832
575.jpeg,0.9993
576.jpeg,0.9996
577.jpeg,0.9999
579.jpeg,0.9954
58.jpeg,0.9984
580.jpeg,0.9996
581.jpeg,0.9996
582.jpeg,0.9983
583.jpeg,0.9956
584.jpeg,0.9997
585.jpeg,0.0
586.jpeg,0.9996
587.jpeg,0.9997
588.jpeg,0.9996
589.jpeg,0.9999
59.jpeg,0.9999
590.jpeg,0.0
592.jpeg,0.9996
593.jpeg,0.9991
594.jpeg,0.9998
595.jpeg,0.9990
597.jpeg,0.9997
598.jpeg,0.9997
599.jpeg,0.9993
6.jpeg,0.9984
60.jpeg,0.9994
600.jpeg,0.9983
601.jpeg,0.9991
602.jpeg,0.9998
603.jpeg,0.0
604.jpeg,1.0000
605.jpeg,0.9735
606.jpeg,0.9997
607.jpeg,0.0
608.jpeg,0.9952
61.jpeg,0.9997
610.jpeg,0.9991
611.jpeg,0.9993
612.jpeg,0.9995
614.jpeg,0.9998
615.jpeg,0.9999
616.jpeg,0.9982
617.jpeg,0.9985
618.jpeg,0.9999
619.jpeg,0.9997
62.jpeg,0.9976
620.jpeg,0.9999
621.jpeg,0.9986
624.jpeg,0.9984
625.jpeg,0.9999
626.jpeg,0.9995
627.jpeg,0.9959
628.jpeg,0.9987
629.jpeg,0.9998
63.jpeg,0.0
630.jpeg,0.9980
631.jpeg,0.9999
632.jpeg,0.9964
633.jpeg,0.9999
634.jpeg,0.9991
635.jpeg,0.9999
636.jpeg,0.9991
637.jpeg,0.9968
638.jpeg,0.9995
639.jpeg,0.0
64.jpeg,0.9996
640.jpeg,0.9998
641.jpeg,0.9994
642.jpeg,0.9995
643.jpeg,0.9995
644.jpeg,0.0
645.jpeg,0.9997
647.jpeg,0.0
648.jpeg,0.9987
649.jpeg,0.9998
650.jpeg,0.0
651.jpeg,0.9993
652.jpeg,0.9982
653.jpeg,0.9997
654.jpeg,0.9946
655.jpeg,0.9995
656.jpeg,0.9983
657.jpeg,0.0
658.jpeg,0.9994
659.jpeg,0.9948
66.jpeg,0.9989
660.jpeg,0.9996
661.jpeg,0.9999
662.jpeg,0.9988
664.jpeg,0.9990
665.jpeg,0.9996
666.jpeg,0.9986
667.jpeg,0.9965
668.jpeg,0.9992
669.jpeg,0.9999
67.jpeg,0.9990
670.jpeg,0.9987
671.jpeg,0.9966
672.jpeg,0.9979
673.jpeg,0.9997
674.jpeg,0.9998
675.jpeg,0.0
676.jpeg,0.0
678.jpeg,0.9992
68.jpeg,0.0
681.jpeg,0.9985
682.jpeg,0.0
683.jpeg,0.9860
684.jpeg,0.9994
685.jpeg,0.9999
686.jpeg,0.9990
687.jpeg,0.0
688.jpeg,0.9997
689.jpeg,0.9995
69.jpeg,0.9957
690.jpeg,0.9997
691.jpeg,0.9996
692.jpeg,0.9998
693.jpeg,0.9987
695.jpeg,0.9955
696.jpeg,0.9993
697.jpeg,0.9999
698.jpeg,0.0
699.jpeg,0.9962
7.jpeg,0.9999
70.jpeg,0.9994
700.jpeg,0.9997
701.jpeg,0.9996
703.jpeg,0.9879
704.jpeg,0.9926
705.jpeg,0.9992
706.jpeg,0.9999
707.jpeg,0.9999
708.jpeg,0.9933
709.jpeg,0.9998
71.jpeg,0.9999
710.jpeg,0.9999
711.jpeg,0.9988
712.jpeg,0.9998
713.jpeg,0.0
714.jpeg,0.9958
715.jpeg,0.0
716.jpeg,0.9997
717.jpeg,0.0
718.jpeg,0.0
719.jpeg,0.9757
72.jpeg,0.9998
720.jpeg,0.9999
721.jpeg,0.9991
722.jpeg,0.9999
723.jpeg,0.9986
724.jpeg,0.9938
725.jpeg,0.9996
726.jpeg,0.9533
727.jpeg,0.9998
728.jpeg,0.9998
729.jpeg,0.0
730.jpeg,0.9999
731.jpeg,0.9998
732.jpeg,0.9998
733.jpeg,0.9996
734.jpeg,0.9995
738.jpeg,0.9999
739.jpeg,0.0
74.jpeg,0.9989
740.jpeg,0.9627
741.jpeg,0.9995
742.jpeg,0.9996
744.jpeg,0.9958
745.jpeg,0.9997
746.jpeg,0.9998
747.jpeg,0.9997
748.jpeg,0.9972
749.jpeg,0.9998
75.jpeg,0.9998
750.jpeg,0.9806
751.jpeg,0.9998
752.jpeg,0.9802
753.jpeg,0.0
754.jpeg,0.9998
755.jpeg,0.9985
756.jpeg,0.9990
757.jpeg,0.9983
759.jpeg,0.0
760.jpeg,0.9997
761.jpeg,0.9890
762.jpeg,0.9998
764.jpeg,0.0
765.jpeg,0.9438
766.jpeg,0.0
767.jpeg,0.9997
768.jpeg,0.9991
769.jpeg,0.9990
77.jpeg,0.9996
770.jpeg,0.9999
771.jpeg,0.9998
773.jpeg,0.0
775.jpeg,1.0000
776.jpeg,0.8302
777.jpeg,0.9984
778.jpeg,0.9978
779.jpeg,0.0
78.jpeg,0.9999
780.jpeg,1.0000
781.jpeg,0.9996
782.jpeg,0.9999
784.jpeg,0.9995
785.jpeg,0.0
787.jpeg,0.9984
788.jpeg,0.9998
789.jpeg,0.0
79.jpeg,0.9985
791.jpeg,0.9999
792.jpeg,0.9997
793.jpeg,0.9972
794.jpeg,0.0
795.jpeg,0.9986
796.jpeg,0.9997
797.jpeg,0.9996
798.jpeg,0.9999
8.jpeg,0.9991
80.jpeg,0.9998
800.jpeg,0.9990
801.jpeg,0.9937
802.jpeg,0.9998
803.jpeg,0.9991
804.jpeg,0.9999
805.jpeg,0.0
806.jpeg,0.9998
807.jpeg,0.9997
808.jpeg,0.9980
81.jpeg,0.9999
810.jpeg,0.9032
811.jpeg,0.9977
812.jpeg,0.9860
813.jpeg,0.9994
814.jpeg,0.9978
815.jpeg,0.9997
816.jpeg,0.9996
817.jpeg,0.9999
818.jpeg,0.0
819.jpeg,0.9963
82.jpeg,0.9992
820.jpeg,0.9998
821.jpeg,0.9994
822.jpeg,0.9924
823.jpeg,0.9945
824.jpeg,0.9996
825.jpeg,0.9995
826.jpeg,0.0
827.jpeg,0.9745
828.jpeg,0.9997
829.jpeg,0.0
83.jpeg,0.0
830.jpeg,0.9984
831.jpeg,0.9994
832.jpeg,0.9992
833.jpeg,0.9586
834.jpeg,0.0
835.jpeg,0.9993
836.jpeg,0.9998
837.jpeg,0.0
838.jpeg,1.0000
839.jpeg,0.0
84.jpeg,0.9990
840.jpeg,0.9992
841.jpeg,0.9987
842.jpeg,0.9997
843.jpeg,0.9999
844.jpeg,0.9995
845.jpeg,0.9998
846.jpeg,0.0
847.jpeg,0.9839
848.jpeg,0.9980
849.jpeg,0.9998
85.jpeg,0.9996
850.jpeg,0.9998
851.jpeg,0.0
852.jpeg,0.5957
853.jpeg,0.9993
854.jpeg,0.0
855.jpeg,0.9983
856.jpeg,0.9994
857.jpeg,0.9994
858.jpeg,0.9983
86.jpeg,0.9989
860.jpeg,0.9996
861.jpeg,0.9997
862.jpeg,0.9859
863.jpeg,0.9984
864.jpeg,0.9999
865.jpeg,0.9997
866.jpeg,0.9968
867.jpeg,0.9997
868.jpeg,0.9996
869.jpeg,0.9998
87.jpeg,0.9983
870.jpeg,0.9999
871.jpeg,0.9998
872.jpeg,0.9998
873.jpeg,0.9996
874.jpeg,0.9991
875.jpeg,0.9966
876.jpeg,0.9977
877.jpeg,0.9993
878.jpeg,0.0
879.jpeg,0.9994
88.jpeg,0.9999
880.jpeg,0.9969
881.jpeg,0.9999
882.jpeg,0.9996
884.jpeg,0.9985
885.jpeg,0.0
886.jpeg,0.9998
887.jpeg,0.9966
888.jpeg,0.9954
89.jpeg,0.9982
890.jpeg,0.0
891.jpeg,0.6171
892.jpeg,0.9999
893.jpeg,0.9998
894.jpeg,0.0
895.jpeg,0.9990
896.jpeg,0.0
897.jpeg,0.9994
898.jpeg,0.9990
9.jpeg,0.9966
90.jpeg,0.9997
900.jpeg,0.9954
901.jpeg,0.9997
902.jpeg,0.9997
903.jpeg,0.0
904.jpeg,0.9999
906.jpeg,0.9894
907.jpeg,0.9992
909.jpeg,0.9999
910.jpeg,0.0
911.jpeg,0.9998
913.jpeg,0.0
914.jpeg,0.9997
915.jpeg,0.9999
916.jpeg,0.9998
917.jpeg,0.9988
918.jpeg,0.9983
919.jpeg,0.9997
92.jpeg,0.9945
921.jpeg,0.0
922.jpeg,0.9961
923.jpeg,0.9999
925.jpeg,0.9999
926.jpeg,0.9998
927.jpeg,0.9996
928.jpeg,0.9984
929.jpeg,0.9997
93.jpeg,0.9911
930.jpeg,0.9989
931.jpeg,0.9999
932.jpeg,0.0
933.jpeg,0.9986
934.jpeg,0.9992
936.jpeg,1.0000
937.jpeg,0.9984
938.jpeg,0.9959
939.jpeg,0.9999
94.jpeg,0.9971
940.jpeg,0.9998
941.jpeg,0.9967
942.jpeg,0.9939
943.jpeg,0.9993
944.jpeg,0.0
945.jpeg,0.9992
946.jpeg,0.9980
947.jpeg,0.9982
948.jpeg,0.9998
949.jpeg,0.9910
95.jpeg,0.9994
951.jpeg,0.9945
952.jpeg,0.0
953.jpeg,0.9994
954.jpeg,0.9983
955.jpeg,0.9991
957.jpeg,0.0
958.jpeg,0.9985
959.jpeg,0.9979
96.jpeg,0.9998
960.jpeg,0.9997
961.jpeg,0.9976
962.jpeg,0.9979
963.jpeg,0.0
964.jpeg,0.9999
965.jpeg,0.9994
966.jpeg,0.9998
968.jpeg,0.9997
97.jpeg,0.9987
971.jpeg,0.9989
972.jpeg,0.9996
973.jpeg,0.9996
974.jpeg,0.9989
975.jpeg,0.9998
976.jpeg,0.9971
977.jpeg,0.9988
978.jpeg,0.9960
979.jpeg,0.0
98.jpeg,0.9996
981.jpeg,0.9994
983.jpeg,0.9930
984.jpeg,0.9996
985.jpeg,0.0
986.jpeg,0.9992
987.jpeg,0.9999
988.jpeg,0.9998
99.jpeg,0.0
990.jpeg,0.9993
991.jpeg,0.9995
992.jpeg,0.9997
993.jpeg,0.9997
994.jpeg,0.9997
996.jpeg,0.9992
997.jpeg,0.9974
998.jpeg,0.9998
999.jpeg,0.9989
